https://emoshu.co.jp,Tomoyasu Sunagawa
https://emoshu.co.jp,Tomoyasu Sunagawa
https://emoshu.co.jp,Tomoyasu Sunagawa
https://emoshu.co.jp,Tomoyasu Sunagawa
https://emoshu.co.jp,Tomoyasu Sunagawa
https://google.com,Tomoyasu Sunagawa
https://emoshu.co.jp,fafawalfa fawafw
https://emoshu.co.jp,fafawalfa fawafw
https://emoshu.co.jp,fafawalfa fawafw
https://emoshu.co.jp,afawa
https://emoshu.co.jp,using env file
https://emoshu.co.jp,check variable type
https://emoshu.co.jp,check variable type
https://emoshu.co.jp/files/blog/5/blog_posts/2023/02/00000016_eye_catch__thumb.jpg,John Doe
https://emoshu.co.jp/files/blog/5/blog_posts/2023/02/00000016_eye_catch__thumb.jpg,John Doe
https://emoshu.co.jp/files/blog/5/blog_posts/2023/02/00000016_eye_catch__thumb.jpg,John Doe
https://google.com,Test3
https://google.com,Test3
https://emoshu.co.jp/files/blog/5/blog_posts/2023/02/00000016_eye_catch__thumb.jpg,UUUUUUUUUUUUUU
https://google.com,None Exsisting User ID
https://emoshu.co.jp,更新くん
https://google.com,テストマン
https://google.com,テストマン
https://google.com,テストマン
